age,gender,vehicle_age,vehicle_type,annual_premium,driving_experience,accident_history,claim_history,credit_score,policy_duration,claim
56,Male,0,SUV,11842,19,2,1,780,5,1
69,Male,1,Hatchback,20058,12,1,0,709,8,0
46,Male,7,Sedan,19101,16,1,1,777,2,1
32,Female,12,SUV,22497,10,3,0,742,5,1
60,Male,13,SUV,14658,25,0,0,705,6,0
25,Male,12,SUV,21381,20,0,0,726,5,0
38,Male,2,Sedan,17544,31,4,0,606,9,1
56,Female,9,Hatchback,17718,4,3,1,639,1,1
36,Female,2,SUV,23851,23,2,1,755,3,1
40,Male,7,SUV,27154,2,2,0,759,2,1
28,Male,7,SUV,29539,22,3,1,698,3,1
28,Male,1,SUV,21777,37,2,0,742,9,1
41,Male,7,SUV,11628,8,0,0,684,9,0
53,Female,10,Hatchback,10386,7,2,0,797,2,1
57,Female,12,Hatchback,16031,14,2,0,664,3,1
41,Female,12,SUV,16439,3,3,1,731,4,1
20,Female,0,Sedan,32785,16,3,0,610,9,1
39,Male,5,Hatchback,23392,19,2,0,707,3,1
19,Male,7,Sedan,30392,18,1,1,625,7,1
41,Male,2,Hatchback,28850,16,3,0,788,3,1
61,Female,7,SUV,12282,8,4,1,764,7,1
47,Male,11,Hatchback,11856,33,4,0,750,7,1
55,Female,0,SUV,25670,12,0,0,684,9,0
19,Female,10,Hatchback,34364,11,2,0,767,2,1
38,Male,10,SUV,11998,5,1,0,750,6,0
50,Male,8,SUV,15476,27,0,0,722,9,0
29,Male,12,SUV,19428,12,2,0,743,2,1
39,Female,10,SUV,14669,17,3,1,788,2,1
61,Male,12,Sedan,22336,6,4,0,667,5,1
42,Female,8,SUV,19342,33,1,1,703,8,1
66,Male,4,Sedan,30702,5,4,1,679,9,1
44,Female,9,Sedan,17064,28,3,0,758,2,1
59,Female,3,SUV,17446,14,2,1,652,5,1
45,Male,14,Sedan,27815,5,3,0,705,7,1
33,Female,10,Hatchback,15624,33,3,1,752,6,1
32,Female,5,SUV,17461,19,4,0,643,6,1
64,Male,11,Sedan,11819,22,1,1,739,7,1
68,Female,6,SUV,20516,5,3,1,689,3,1
61,Male,4,SUV,23749,2,4,0,700,3,1
69,Female,10,SUV,27514,30,1,1,696,9,1
20,Male,12,Sedan,32947,39,2,0,608,8,1
54,Male,9,Hatchback,12658,4,2,0,611,5,1
68,Female,8,Hatchback,13500,33,0,0,668,6,1
24,Female,2,Sedan,34950,13,4,0,781,1,1
38,Female,14,SUV,12120,20,1,0,781,1,0
26,Female,6,Sedan,14020,7,3,1,627,4,1
56,Female,9,Sedan,20213,15,2,1,655,2,1
35,Male,9,Sedan,13259,23,1,1,698,7,1
21,Female,10,SUV,20081,14,4,0,796,2,1
42,Male,4,Sedan,11823,23,0,1,709,2,1
31,Male,13,SUV,27858,19,2,1,676,5,1
67,Female,6,Sedan,28626,29,1,1,702,4,1
26,Male,14,Hatchback,23467,20,1,1,705,8,1
43,Male,1,Sedan,29627,29,1,1,708,4,1
19,Male,3,Sedan,16990,24,4,0,711,6,1
37,Male,1,Hatchback,31544,18,4,0,657,5,1
45,Female,13,SUV,13134,10,4,1,677,2,1
64,Male,12,SUV,28454,8,3,0,674,8,1
24,Female,12,Sedan,26743,26,1,0,641,2,1
61,Female,11,Hatchback,25434,29,2,1,765,9,1
25,Male,6,SUV,25007,10,4,1,667,9,1
64,Female,1,Sedan,20233,17,4,0,780,3,1
52,Female,12,Hatchback,26378,2,1,1,632,4,1
31,Female,13,SUV,11141,6,4,0,670,8,1
34,Male,10,SUV,28019,5,3,0,655,9,1
53,Female,0,Hatchback,30384,28,3,1,704,3,1
67,Female,8,Hatchback,20135,5,4,0,799,5,1
57,Female,0,Hatchback,22966,18,1,0,700,8,0
21,Male,7,Hatchback,13361,26,1,0,650,3,1
19,Female,14,Sedan,32967,20,1,1,673,7,1
23,Male,1,Hatchback,17835,27,0,1,770,8,1
59,Male,11,SUV,21172,12,4,1,720,3,1
21,Male,7,SUV,26390,7,1,1,742,2,1
46,Male,12,Sedan,13267,3,3,0,765,7,1
35,Male,2,SUV,16564,10,2,1,742,9,1
43,Male,5,SUV,31312,34,2,1,604,1,1
61,Female,2,Hatchback,28990,25,1,1,682,3,1
51,Male,13,SUV,21411,35,2,1,781,5,1
27,Female,6,Sedan,15906,16,2,0,650,3,1
53,Female,9,Hatchback,26028,2,0,0,609,1,1
31,Male,8,Hatchback,29657,24,3,0,739,7,1
48,Female,1,Sedan,17611,10,3,1,603,7,1
65,Female,14,Hatchback,27297,38,0,1,694,8,1
32,Female,11,Hatchback,12011,22,0,0,745,5,0
25,Female,11,Sedan,27826,26,2,1,679,5,1
31,Male,14,Hatchback,31930,39,4,1,635,5,1
40,Female,13,Sedan,21246,27,2,0,624,1,1
57,Male,4,Sedan,23790,29,0,0,697,5,0
38,Female,12,SUV,21738,38,3,1,763,6,1
33,Female,5,SUV,24730,20,2,1,700,1,1
62,Male,3,Hatchback,21120,27,4,1,794,7,1
35,Female,3,Hatchback,28213,20,2,0,608,1,1
64,Female,3,Sedan,18767,19,1,0,660,2,1
41,Female,1,Hatchback,32852,20,2,0,652,2,1
43,Male,3,Sedan,23703,35,0,0,745,5,0
42,Female,10,Sedan,10929,2,3,1,770,7,1
62,Male,0,Hatchback,21951,30,3,0,762,1,1
58,Female,11,Sedan,30083,34,0,0,662,1,1
46,Male,5,SUV,25845,22,1,1,720,1,1
32,Male,0,Hatchback,27438,3,0,1,704,6,1
62,Female,9,SUV,25747,6,2,1,603,2,1
18,Female,5,Hatchback,15744,15,0,0,692,1,0
42,Male,0,Sedan,28284,27,0,1,768,6,1
24,Male,5,Hatchback,19649,10,1,1,772,2,1
26,Female,9,SUV,16980,9,2,0,777,6,1
41,Male,7,Sedan,17069,33,4,0,627,8,1
18,Female,10,Hatchback,19591,32,4,1,769,2,1
61,Female,1,Hatchback,29799,6,3,0,679,9,1
25,Female,1,Hatchback,10442,36,0,1,675,8,1
41,Female,13,SUV,32602,2,3,1,715,1,1
28,Male,14,SUV,14652,29,1,0,668,7,1
68,Female,12,Hatchback,34323,4,4,1,697,6,1
34,Male,11,Sedan,34217,1,0,0,600,6,1
25,Female,3,Sedan,19370,19,1,0,766,6,0
52,Male,10,SUV,17597,26,1,0,695,6,0
52,Female,2,Sedan,24325,25,0,1,616,7,1
50,Male,3,SUV,14458,10,1,0,711,3,0
22,Male,12,Hatchback,16591,15,0,0,690,6,0
59,Female,11,SUV,26346,22,0,1,687,3,1
56,Female,6,SUV,21826,21,2,1,762,7,1
58,Female,12,Hatchback,28693,22,3,1,773,7,1
45,Female,10,Sedan,24138,36,1,1,769,8,1
24,Male,0,SUV,32652,34,1,0,766,2,0
26,Female,5,SUV,27294,30,2,0,689,9,1
25,Male,14,Hatchback,30724,25,2,0,648,5,1
29,Male,14,Sedan,30393,28,2,1,789,9,1
51,Female,2,SUV,33012,1,4,1,637,5,1
50,Male,10,Hatchback,12169,4,4,0,750,7,1
65,Male,9,SUV,28556,7,4,1,749,9,1
40,Male,6,Hatchback,32052,9,0,1,731,4,1
41,Male,9,Sedan,16313,36,1,0,776,2,0
54,Female,1,Sedan,18315,19,3,0,658,9,1
52,Female,13,Sedan,18036,1,0,1,667,2,1
61,Female,1,Sedan,33173,10,1,1,798,3,1
57,Female,12,SUV,10785,36,1,1,729,2,1
39,Male,3,SUV,16139,9,2,0,648,3,1
44,Male,0,Sedan,16344,32,2,0,725,6,1
52,Female,2,Sedan,28800,32,0,0,758,3,0
18,Female,12,Sedan,30538,6,2,0,710,8,1
52,Female,8,SUV,24973,38,1,0,767,6,0
54,Male,6,Sedan,15619,17,2,1,647,7,1
64,Female,14,Sedan,11936,10,4,1,650,1,1
31,Female,6,Sedan,13807,27,2,1,642,3,1
20,Female,12,Hatchback,17151,35,1,0,697,3,0
18,Male,12,Sedan,19493,21,0,0,782,2,0
22,Male,10,Hatchback,22355,25,3,0,776,7,1
43,Male,3,Hatchback,13236,28,2,1,723,9,1
31,Male,1,Sedan,25848,15,1,0,679,4,1
56,Male,14,Hatchback,12352,4,3,0,784,5,1
44,Male,13,Sedan,11932,29,3,1,710,3,1
26,Male,3,SUV,20913,9,4,0,742,9,1
32,Male,5,SUV,18556,27,3,1,626,4,1
32,Female,10,SUV,31300,26,1,0,795,5,0
43,Female,10,SUV,15498,19,1,0,791,1,0
59,Male,2,Hatchback,20582,28,2,1,757,2,1
30,Male,0,Sedan,27330,17,2,1,763,9,1
68,Female,13,Sedan,23865,20,2,1,794,2,1
49,Male,11,Sedan,19569,39,3,1,712,5,1
56,Male,7,SUV,27823,23,3,1,685,8,1
66,Male,11,SUV,34114,32,4,1,713,3,1
69,Female,12,Sedan,14857,33,2,0,723,6,1
49,Female,4,SUV,10340,5,0,0,648,4,1
21,Female,14,Sedan,21181,34,4,1,675,7,1
47,Female,4,Sedan,26766,11,0,0,654,3,1
54,Female,10,Sedan,18491,3,3,1,655,6,1
40,Male,3,Sedan,10138,33,4,0,795,9,1
56,Female,5,Sedan,10358,11,4,1,694,1,1
62,Male,2,Sedan,31315,16,1,0,643,3,1
32,Male,8,Sedan,19714,18,3,0,758,2,1
60,Female,4,SUV,29840,30,3,0,785,8,1
46,Female,2,Sedan,11627,10,4,0,686,7,1
53,Male,10,Sedan,25996,18,3,0,780,2,1
30,Male,0,SUV,33010,38,4,1,683,6,1
49,Male,9,SUV,15004,19,1,1,750,3,1
24,Female,11,SUV,23283,36,4,1,755,8,1
68,Female,5,Sedan,16652,13,3,0,615,3,1
39,Female,14,Hatchback,32800,3,3,1,764,9,1
45,Female,1,Hatchback,29554,10,4,0,748,1,1
19,Female,12,SUV,30219,38,4,0,744,5,1
59,Male,2,Hatchback,34401,1,4,0,636,3,1
62,Female,0,SUV,12151,27,2,1,676,6,1
23,Male,8,Sedan,19429,8,3,0,746,2,1
45,Male,7,Hatchback,24072,17,3,1,757,9,1
45,Male,11,Sedan,21927,9,2,1,644,6,1
61,Female,1,Hatchback,16905,6,4,0,745,7,1
61,Female,14,Sedan,29218,25,1,0,661,5,1
37,Female,11,Hatchback,22452,39,4,1,763,9,1
47,Male,10,Sedan,26212,28,4,1,699,1,1
28,Male,7,Sedan,28951,33,2,1,651,5,1
45,Male,11,Hatchback,11307,37,3,1,618,6,1
42,Male,13,Sedan,24852,9,4,1,708,7,1
56,Male,8,Sedan,12660,18,3,1,643,4,1
50,Male,0,Sedan,20403,21,0,0,606,1,1
18,Female,12,Hatchback,30114,2,3,1,771,8,1
44,Female,4,Hatchback,20238,38,1,1,716,4,1
69,Female,7,Sedan,16207,36,1,1,667,3,1
30,Female,14,Sedan,29546,37,4,1,633,7,1
58,Male,10,Hatchback,11140,15,3,0,793,2,1
20,Male,13,Hatchback,34842,28,4,0,668,8,1
56,Female,1,Sedan,11708,18,2,1,654,6,1
23,Male,3,Sedan,13630,34,1,1,609,7,1
25,Female,6,Sedan,29595,22,4,1,641,5,1
44,Female,2,SUV,20485,11,2,0,640,9,1
26,Female,12,Hatchback,22021,13,4,0,796,5,1
54,Male,11,SUV,32922,4,3,0,721,5,1
50,Female,4,Hatchback,26859,22,3,0,737,3,1
68,Female,7,Hatchback,17684,7,3,0,609,1,1
59,Female,11,Hatchback,11207,24,3,0,701,2,1
61,Male,9,Hatchback,23331,4,0,1,787,8,1
41,Male,2,Hatchback,11960,28,2,0,727,1,1
32,Female,3,Hatchback,10557,15,2,0,778,7,1
49,Male,13,Hatchback,25883,1,3,1,748,5,1
49,Male,14,SUV,23893,3,0,0,735,3,0
41,Male,8,Sedan,10882,14,3,1,792,7,1
58,Male,13,Sedan,14761,38,0,0,691,9,0
69,Male,13,SUV,15867,1,3,1,712,2,1
66,Male,6,SUV,33347,38,1,1,677,8,1
66,Male,0,SUV,22869,38,1,1,684,9,1
69,Male,13,SUV,17166,21,4,1,629,3,1
29,Male,11,Hatchback,22982,29,3,1,648,2,1
56,Male,3,Sedan,17929,5,2,0,608,7,1
19,Female,3,Hatchback,15347,10,4,0,744,5,1
20,Female,8,Sedan,17269,28,1,1,668,5,1
66,Male,5,Sedan,34509,21,3,1,657,5,1
54,Female,8,SUV,23527,7,4,1,784,4,1
66,Female,11,Hatchback,12454,3,3,0,661,5,1
34,Male,14,SUV,30878,20,1,1,651,4,1
66,Male,5,Hatchback,28330,19,4,1,788,6,1
19,Male,5,Sedan,22991,35,1,1,639,4,1
19,Female,4,SUV,12808,4,0,1,765,2,1
45,Female,4,SUV,16642,5,1,0,770,9,0
40,Male,1,Sedan,13825,1,3,1,662,2,1
54,Male,7,Sedan,13536,4,2,1,746,9,1
49,Male,7,Sedan,32452,12,1,0,649,6,1
50,Female,10,SUV,25309,27,2,1,760,9,1
18,Female,12,Hatchback,13802,23,0,1,740,9,1
36,Female,0,SUV,31083,25,4,0,677,3,1
19,Female,7,Hatchback,28354,21,4,0,696,1,1
61,Male,4,SUV,32190,24,2,0,789,1,1
43,Male,1,SUV,16142,25,4,1,642,3,1
49,Male,13,Sedan,29203,32,1,1,776,5,1
23,Male,1,Hatchback,19094,32,2,0,635,3,1
49,Female,13,SUV,10364,5,3,0,721,9,1
21,Female,14,SUV,30642,36,1,0,707,9,0
28,Male,14,Sedan,29503,39,1,1,609,3,1
34,Male,5,Sedan,25688,16,1,1,694,3,1
55,Female,10,Hatchback,11863,33,3,0,605,5,1
41,Male,12,SUV,26499,21,0,1,656,2,1
22,Female,8,Hatchback,17084,9,4,0,728,6,1
69,Male,0,SUV,18016,6,2,1,670,7,1
51,Male,11,Hatchback,12384,35,0,1,785,9,1
23,Male,5,Sedan,25072,39,2,1,620,6,1
39,Male,8,SUV,13935,22,4,1,691,3,1
28,Male,7,Hatchback,23127,5,3,0,726,5,1
65,Male,10,Sedan,24482,23,1,1,679,4,1
33,Male,5,Sedan,17742,17,1,1,655,5,1
50,Female,2,Hatchback,26165,12,3,0,715,8,1
26,Female,7,SUV,31826,23,0,1,747,8,1
23,Female,8,SUV,12490,16,0,0,781,6,0
33,Female,0,Sedan,33364,3,2,0,624,1,1
46,Female,11,SUV,23324,30,3,1,755,8,1
20,Male,8,SUV,34045,22,0,1,604,8,1
37,Male,13,SUV,28108,9,3,0,719,2,1
53,Female,14,Sedan,34566,29,4,0,620,4,1
36,Male,5,Hatchback,29151,37,1,0,617,2,1
43,Female,5,SUV,11137,23,1,1,774,4,1
20,Female,11,Sedan,30501,13,1,0,797,7,0
36,Male,3,Sedan,13420,32,3,0,656,9,1
37,Male,0,Hatchback,15845,23,3,0,692,8,1
49,Male,9,SUV,31162,17,2,1,618,9,1
24,Female,7,SUV,13906,21,1,0,727,8,0
69,Male,1,Hatchback,30021,2,2,1,696,2,1
58,Female,11,Hatchback,29337,37,1,1,792,7,1
50,Female,0,Sedan,32313,6,2,0,730,2,1
57,Female,1,Sedan,22413,18,2,1,769,2,1
56,Male,0,Hatchback,10276,30,4,0,620,4,1
35,Male,0,SUV,28383,22,2,1,639,1,1
57,Female,8,Sedan,27611,33,3,1,666,5,1
18,Male,12,Sedan,16337,30,2,0,752,6,1
28,Male,13,SUV,21944,17,1,0,726,9,0
45,Male,0,Sedan,30119,32,2,0,654,8,1
42,Female,12,SUV,25906,14,0,1,779,2,1
67,Female,3,SUV,27079,10,1,1,771,1,1
40,Male,9,SUV,30536,36,0,0,708,2,0
48,Female,5,Hatchback,34285,34,1,0,697,7,0
47,Male,6,Hatchback,33854,9,3,1,783,4,1
59,Male,1,Hatchback,22306,28,3,1,782,5,1
52,Male,5,SUV,33921,11,3,1,711,7,1
24,Male,6,SUV,20503,14,0,0,797,3,0
33,Female,9,Hatchback,29225,39,4,1,714,2,1
43,Female,13,Sedan,14208,19,1,0,716,7,0
65,Female,9,SUV,21590,15,3,1,686,5,1
69,Male,1,Sedan,20886,28,1,1,680,1,1
66,Male,14,Sedan,22866,24,0,0,665,1,1
19,Male,1,SUV,11088,8,4,0,618,9,1
18,Female,9,SUV,13363,9,0,0,734,5,0
65,Male,6,Sedan,10024,33,1,1,717,1,1
29,Female,11,Sedan,19764,33,4,1,790,7,1
22,Female,0,Hatchback,32528,19,4,1,641,9,1
54,Female,7,Hatchback,32052,3,0,0,641,1,1
49,Female,10,SUV,30620,10,3,1,658,4,1
26,Female,12,Hatchback,19959,1,1,0,619,3,1
58,Female,2,Hatchback,22935,29,2,0,672,5,1
52,Male,10,Hatchback,18068,34,2,0,616,7,1
36,Male,5,Hatchback,28619,13,0,1,626,8,1
65,Female,8,Sedan,17295,1,1,1,774,2,1
33,Female,5,SUV,18392,34,1,0,601,7,1
20,Male,8,Hatchback,21390,29,0,1,662,1,1
37,Female,6,Sedan,18448,13,1,0,661,7,1
41,Female,14,Sedan,30131,29,3,0,699,8,1
50,Male,8,Sedan,20433,39,0,1,618,2,1
41,Female,1,Hatchback,25038,24,3,0,616,9,1
69,Female,11,Hatchback,29559,26,1,0,668,1,1
28,Female,7,SUV,21528,17,0,1,766,6,1
66,Male,7,Hatchback,31281,7,1,0,716,1,0
25,Male,1,Hatchback,31421,13,0,0,798,3,0
53,Male,11,Sedan,25743,5,1,0,680,6,0
55,Female,13,SUV,33811,26,3,0,638,3,1
57,Female,3,Hatchback,18605,3,3,0,635,8,1
37,Male,13,Hatchback,12014,7,1,0,767,5,0
52,Female,14,Sedan,11381,39,0,0,772,2,0
65,Female,10,Sedan,11098,1,2,1,731,4,1
42,Female,14,Hatchback,29810,17,3,1,752,9,1
52,Female,6,SUV,30039,25,3,0,796,4,1
42,Female,10,SUV,34322,3,2,0,757,8,1
46,Male,3,Sedan,19101,15,1,1,795,5,1
35,Female,3,Sedan,10187,29,0,1,628,1,1
63,Male,5,Hatchback,21948,32,1,1,795,7,1
35,Female,9,Sedan,20207,26,4,1,650,3,1
19,Male,5,Hatchback,31793,16,3,1,751,8,1
52,Female,9,SUV,12092,25,4,0,613,3,1
33,Male,14,SUV,28514,28,3,1,668,1,1
58,Female,2,Hatchback,15242,9,3,1,745,5,1
53,Male,14,Sedan,18549,1,4,1,769,2,1
50,Female,8,SUV,32031,29,4,0,656,4,1
21,Male,11,Sedan,15185,22,1,0,611,1,1
50,Female,9,SUV,25271,16,4,0,616,9,1
31,Male,13,Hatchback,15776,7,1,0,629,6,1
38,Male,10,Hatchback,22449,14,1,0,687,8,0
65,Female,1,Hatchback,34297,29,1,0,698,4,0
37,Female,5,SUV,33931,19,3,1,622,9,1
25,Male,11,Sedan,17823,19,3,0,728,2,1
24,Female,6,Sedan,25717,2,4,0,678,9,1
20,Male,11,Sedan,17355,15,3,1,631,5,1
34,Male,12,SUV,16465,3,4,0,608,6,1
50,Male,8,SUV,22737,11,3,1,614,3,1
65,Female,12,SUV,27881,30,0,1,755,4,1
29,Male,2,SUV,23324,18,0,0,751,6,0
68,Male,9,SUV,20350,2,4,1,787,7,1
39,Female,2,Sedan,12555,32,3,1,762,1,1
39,Female,6,SUV,31793,8,3,1,626,7,1
63,Female,13,SUV,12951,22,1,1,708,1,1
47,Female,3,Sedan,27622,6,2,0,675,5,1
55,Male,12,SUV,14727,12,4,1,747,6,1
55,Male,7,Sedan,30349,36,2,0,664,2,1
62,Male,12,Sedan,15686,15,2,1,776,9,1
68,Male,6,Hatchback,13701,28,4,1,708,6,1
25,Female,4,Hatchback,12780,18,3,1,728,7,1
44,Male,6,Hatchback,33782,2,4,0,609,8,1
44,Male,2,Hatchback,27972,13,2,0,646,1,1
51,Female,11,SUV,12368,15,3,0,722,8,1
38,Male,1,Hatchback,25592,20,0,1,658,4,1
47,Male,5,Sedan,32173,29,4,1,695,8,1
50,Male,1,SUV,10436,29,4,1,789,6,1
45,Male,2,Hatchback,12828,3,3,1,702,9,1
64,Male,5,Sedan,11556,19,0,0,723,4,0
50,Male,4,SUV,33954,3,0,1,685,2,1
22,Female,7,SUV,23364,14,3,0,745,2,1
65,Female,8,Hatchback,33864,4,1,1,711,5,1
36,Male,10,SUV,25061,11,4,0,773,9,1
21,Male,2,Sedan,20576,31,4,0,759,3,1
52,Female,11,SUV,26566,32,2,1,626,8,1
66,Male,9,Sedan,17190,27,3,1,617,4,1
34,Male,2,SUV,33071,30,2,0,766,6,1
61,Male,2,Hatchback,15565,2,2,1,776,6,1
45,Female,12,Sedan,33625,9,0,1,681,3,1
47,Male,12,SUV,25369,28,4,0,771,5,1
46,Female,5,SUV,34035,31,2,0,671,3,1
63,Male,14,SUV,31959,34,0,0,653,1,1
23,Female,14,Sedan,11589,15,3,0,761,7,1
52,Female,0,Sedan,10159,25,2,1,670,4,1
58,Male,6,Sedan,22145,36,4,0,763,7,1
54,Female,11,Hatchback,25373,8,2,0,745,3,1
41,Male,0,Hatchback,16555,9,3,0,637,5,1
46,Female,13,Sedan,26237,37,2,1,786,5,1
66,Male,4,SUV,19203,39,4,0,736,2,1
63,Male,14,Hatchback,18244,32,0,1,799,2,1
48,Female,9,Sedan,24743,17,4,0,778,4,1
52,Male,12,SUV,23333,35,0,0,634,4,1
50,Male,7,Hatchback,23341,37,1,1,681,4,1
69,Female,3,SUV,33230,19,4,0,732,6,1
38,Male,4,SUV,28691,29,4,0,741,2,1
49,Male,3,SUV,11228,7,3,1,757,6,1
40,Female,11,SUV,33610,28,2,0,603,7,1
50,Female,11,Hatchback,15590,9,0,0,766,3,0
20,Male,13,Hatchback,33303,28,0,0,791,8,0
35,Male,3,Hatchback,15585,6,3,0,752,2,1
42,Female,11,Sedan,19227,29,3,1,755,8,1
59,Female,7,Hatchback,16046,17,2,0,793,5,1
48,Male,1,SUV,22237,16,2,1,749,2,1
20,Female,0,Hatchback,25649,23,4,0,758,7,1
57,Male,2,SUV,14945,31,1,1,622,2,1
63,Male,8,Sedan,17927,3,2,0,647,6,1
41,Male,3,SUV,22641,21,3,1,747,3,1
67,Male,9,SUV,25998,26,2,0,724,9,1
49,Male,4,SUV,23386,36,0,1,765,3,1
64,Female,1,Sedan,17016,37,1,1,654,3,1
39,Female,3,Hatchback,24027,22,4,0,667,5,1
40,Female,1,Hatchback,25920,12,0,1,687,7,1
19,Female,14,Sedan,34142,13,0,0,600,8,1
44,Male,1,SUV,23752,11,1,0,734,7,0
59,Male,3,Hatchback,31470,16,4,0,784,9,1
19,Male,5,Sedan,33545,8,3,0,694,5,1
43,Male,6,Hatchback,28268,2,4,0,739,3,1
34,Female,9,Sedan,28193,30,2,1,705,6,1
57,Male,2,SUV,13167,30,0,0,732,5,0
50,Male,2,Hatchback,21989,12,2,0,707,4,1
26,Female,9,Sedan,32736,10,3,0,777,2,1
60,Female,5,Hatchback,24087,11,2,0,641,7,1
65,Female,12,Hatchback,32440,15,4,0,701,5,1
56,Female,11,Hatchback,12437,16,2,0,723,4,1
46,Male,2,Hatchback,32852,17,3,1,739,8,1
59,Male,12,Sedan,25275,26,3,1,702,9,1
43,Female,1,SUV,32335,2,3,0,745,9,1
52,Male,7,Sedan,15276,12,4,1,793,3,1
67,Male,4,Sedan,18859,26,3,0,673,3,1
42,Male,14,Sedan,17818,23,0,0,707,5,0
41,Female,0,SUV,14728,18,3,0,721,5,1
30,Male,2,Hatchback,29008,32,2,0,616,2,1
24,Female,9,Hatchback,15738,38,2,0,795,1,1
53,Male,7,Hatchback,30616,3,2,1,670,8,1
62,Male,3,SUV,15793,38,4,1,661,3,1
37,Male,13,Hatchback,14523,3,2,1,640,1,1
18,Female,6,SUV,15571,30,4,1,718,1,1
25,Male,9,Hatchback,26209,1,4,0,761,2,1
63,Female,11,Hatchback,25246,30,3,1,797,6,1
33,Female,13,Sedan,20380,32,0,0,644,6,1
31,Female,13,SUV,12224,28,3,1,657,3,1
29,Male,1,Sedan,18389,21,3,1,778,4,1
68,Male,6,Sedan,25927,13,4,1,725,2,1
40,Male,4,Sedan,32475,27,4,1,761,2,1
32,Male,4,SUV,21684,36,2,0,643,7,1
45,Female,5,SUV,20640,7,2,1,614,1,1
51,Female,12,Hatchback,18662,22,3,1,677,7,1
19,Female,8,Sedan,16361,10,1,0,669,1,1
49,Male,13,Hatchback,11948,39,1,0,777,6,0
40,Female,5,Sedan,22091,15,2,1,700,3,1
39,Male,11,SUV,21992,15,1,0,759,8,0
68,Female,12,SUV,33478,4,2,0,794,6,1
42,Male,14,SUV,16318,32,4,0,602,2,1
39,Male,13,Sedan,30180,23,3,1,685,8,1
39,Female,7,SUV,22180,6,0,0,673,5,1
66,Female,6,Sedan,10234,24,3,1,650,8,1
69,Female,8,Hatchback,25372,20,2,1,666,8,1
59,Female,3,Sedan,29991,37,2,1,675,6,1
23,Male,1,Hatchback,34427,20,3,1,692,2,1
32,Female,6,Sedan,10522,12,2,0,775,8,1
60,Female,5,Hatchback,32288,33,1,1,744,6,1
54,Female,0,SUV,22718,28,1,0,606,6,1
50,Male,10,Hatchback,31272,8,2,1,612,8,1
25,Male,8,SUV,19821,1,2,0,719,1,1
61,Female,8,SUV,15832,37,1,1,665,2,1
61,Male,11,Hatchback,22820,22,2,0,603,9,1
22,Female,1,Sedan,26211,6,2,1,737,8,1
56,Male,2,Sedan,17122,21,3,1,687,7,1
21,Male,4,Sedan,15842,32,0,0,616,7,1
23,Male,4,Sedan,11316,35,1,1,651,5,1
62,Male,14,Sedan,23200,15,3,1,733,2,1
49,Female,0,SUV,27508,5,0,1,668,6,1
69,Female,7,Sedan,32005,6,2,0,736,3,1
47,Female,11,SUV,31807,25,2,1,620,4,1
64,Male,7,SUV,25206,29,3,1,623,2,1
52,Female,3,SUV,28971,7,2,0,603,2,1
57,Female,12,Hatchback,32056,13,4,0,751,8,1
69,Female,6,Hatchback,11378,38,3,0,786,8,1
33,Male,14,SUV,29758,18,0,0,602,6,1
30,Male,14,Hatchback,11519,2,3,0,667,5,1
67,Male,10,Sedan,32161,8,1,1,700,8,1
59,Female,9,Sedan,17935,11,3,1,767,4,1
47,Female,2,SUV,16093,33,2,1,775,4,1
36,Female,5,Sedan,34802,38,2,0,653,5,1
34,Male,13,SUV,15355,27,4,1,634,1,1
36,Male,9,SUV,31352,20,4,0,655,1,1
45,Female,12,Sedan,19083,12,4,0,707,2,1
43,Male,9,Hatchback,15574,31,0,1,639,8,1
54,Male,11,Sedan,30456,27,4,0,667,7,1
43,Male,13,Sedan,23324,32,0,0,645,9,1
40,Male,8,SUV,12257,10,4,1,677,5,1
26,Female,0,SUV,34972,3,0,0,740,2,0
29,Male,4,SUV,23411,27,3,0,754,7,1
18,Male,3,SUV,25233,35,3,1,605,8,1
18,Male,7,Hatchback,25887,31,2,0,616,7,1
64,Male,10,Hatchback,30808,15,0,0,763,7,0
51,Female,11,Hatchback,29621,16,1,1,698,5,1
49,Female,0,SUV,30277,13,2,1,680,2,1
65,Male,8,SUV,12005,35,3,1,601,6,1
42,Male,5,SUV,28400,11,0,1,676,4,1
57,Male,3,Hatchback,20860,21,4,0,779,2,1
62,Male,11,SUV,20070,11,1,0,665,9,1
18,Male,8,Sedan,19388,30,3,1,651,7,1
33,Male,10,Sedan,28156,35,2,0,691,6,1
56,Female,4,SUV,34737,22,0,0,770,5,0
22,Male,14,Sedan,30360,38,1,1,621,3,1
39,Female,4,Sedan,28135,31,0,1,710,4,1
46,Female,11,Hatchback,33814,14,4,0,706,3,1
20,Male,4,SUV,24609,24,2,1,782,8,1
29,Female,0,SUV,33554,32,0,1,666,3,1
43,Female,0,Hatchback,32853,36,3,1,787,7,1
33,Female,7,Sedan,26363,32,2,0,785,7,1
68,Female,11,Sedan,29604,15,3,1,739,7,1
54,Female,7,SUV,26923,35,0,0,668,7,1
39,Female,11,Sedan,24823,3,2,0,683,2,1
46,Male,14,Hatchback,27845,16,3,0,702,3,1
31,Female,14,Hatchback,31568,5,4,1,638,9,1
45,Female,5,SUV,18547,21,4,1,612,3,1
22,Female,11,Hatchback,21515,10,0,1,640,2,1
64,Male,10,Hatchback,10234,19,2,1,656,9,1
66,Female,12,SUV,24562,25,1,1,780,9,1
47,Male,3,Hatchback,27932,4,2,0,611,4,1
63,Female,1,Hatchback,17480,29,4,0,612,9,1
69,Male,13,Hatchback,14213,19,3,0,719,3,1
22,Male,1,Sedan,20293,2,1,1,696,7,1
29,Female,8,SUV,11673,10,0,0,656,7,1
33,Female,14,SUV,33092,25,1,0,639,8,1
43,Male,4,SUV,34366,20,0,1,717,4,1
43,Female,3,Sedan,12100,19,1,1,679,3,1
65,Male,9,Sedan,21849,23,0,0,727,3,0
38,Male,12,SUV,30132,24,0,0,772,5,0
56,Male,0,Sedan,29557,11,1,1,634,1,1
53,Male,6,SUV,28199,34,1,1,602,3,1
50,Male,2,Sedan,13841,28,0,1,719,6,1
47,Female,5,Hatchback,20197,5,4,1,604,3,1
54,Male,4,Hatchback,18016,5,1,0,610,5,1
40,Male,4,SUV,17011,21,2,0,725,9,1
27,Female,10,Sedan,14493,12,3,1,670,2,1
22,Male,4,Sedan,27058,4,0,0,716,2,0
53,Female,0,Hatchback,34472,20,0,0,783,6,0
51,Female,0,Hatchback,18578,38,3,1,737,6,1
69,Female,2,Sedan,12158,25,4,0,705,8,1
48,Male,13,Sedan,29045,14,3,0,715,2,1
27,Male,11,Sedan,12064,11,1,0,761,9,0
36,Male,9,Sedan,13253,32,3,1,666,2,1
49,Female,3,Sedan,31363,11,0,1,799,1,1
18,Male,4,Sedan,34087,18,3,0,630,2,1
22,Female,1,SUV,22828,27,2,1,674,7,1
62,Male,7,Sedan,11401,18,1,1,670,8,1
21,Female,10,Hatchback,29643,23,3,1,665,5,1
33,Male,10,SUV,25193,11,0,0,669,6,1
41,Male,13,Sedan,22096,21,1,0,640,1,1
33,Male,1,Hatchback,30307,5,0,1,790,6,1
19,Female,8,SUV,14214,23,4,0,759,8,1
66,Female,1,Hatchback,29611,25,2,0,619,3,1
45,Male,12,Sedan,21023,10,4,0,784,1,1
49,Male,8,Sedan,21950,22,2,0,777,4,1
44,Female,6,Sedan,20704,19,3,0,752,1,1
37,Female,14,Sedan,20343,1,1,1,739,8,1
41,Female,7,SUV,21867,7,3,0,798,5,1
29,Male,14,SUV,12745,4,2,0,638,1,1
67,Female,10,Hatchback,32475,1,2,0,744,8,1
52,Male,1,Sedan,13866,15,2,1,644,9,1
50,Female,6,Hatchback,21956,12,0,1,738,2,1
50,Male,11,SUV,15818,22,1,1,669,9,1
68,Female,5,Sedan,28606,22,3,0,724,8,1
60,Female,3,Sedan,26093,17,3,1,750,7,1
54,Female,6,SUV,29176,29,4,1,690,3,1
29,Female,13,SUV,25493,14,2,1,669,2,1
20,Female,12,SUV,30447,20,2,1,765,7,1
18,Male,3,SUV,27908,33,2,0,729,5,1
50,Female,1,SUV,18224,15,3,1,683,6,1
57,Female,9,Sedan,32582,12,4,1,688,4,1
27,Female,11,SUV,14025,20,0,0,678,2,1
60,Male,6,Sedan,28950,30,1,0,712,9,0
61,Female,7,Sedan,29187,38,0,1,692,3,1
46,Male,1,SUV,30093,3,3,0,671,7,1
30,Female,4,SUV,16155,28,2,1,764,8,1
29,Female,0,Sedan,23839,26,1,0,648,2,1
48,Male,6,SUV,10719,30,3,0,651,6,1
63,Female,7,SUV,24890,13,3,1,632,8,1
19,Male,12,SUV,32900,13,3,0,621,7,1
68,Male,5,Hatchback,30963,2,1,1,713,3,1
67,Female,4,Sedan,27356,37,1,0,732,1,0
52,Male,14,Hatchback,30102,38,4,1,617,6,1
40,Female,5,SUV,33779,2,4,0,765,8,1
34,Female,14,Hatchback,30786,36,0,0,717,6,0
43,Male,1,SUV,30936,26,1,0,716,5,0
25,Male,0,Hatchback,28591,11,1,0,636,8,1
46,Male,6,SUV,14426,8,1,0,663,2,1
43,Male,6,Hatchback,33303,22,4,1,737,1,1
27,Female,9,Hatchback,22512,20,3,0,678,1,1
43,Female,10,Hatchback,25064,8,2,1,769,4,1
51,Male,9,Sedan,23767,29,4,1,722,6,1
68,Female,13,Hatchback,21308,26,1,1,775,9,1
58,Female,1,Sedan,21477,30,4,0,643,1,1
24,Female,1,SUV,22903,17,0,1,681,1,1
21,Female,0,Hatchback,34770,20,1,0,686,5,0
67,Male,9,SUV,18680,16,0,1,615,5,1
62,Male,7,SUV,12204,7,1,1,653,5,1
28,Female,14,Hatchback,31729,16,4,1,701,6,1
46,Male,7,Sedan,29660,27,3,1,762,8,1
53,Male,0,Hatchback,11102,23,2,1,697,3,1
42,Male,11,SUV,15243,24,0,0,755,9,0
38,Female,10,SUV,16614,9,4,1,601,1,1
53,Female,7,Hatchback,26299,35,3,1,693,4,1
27,Female,8,Sedan,18707,20,4,0,740,9,1
54,Male,13,Sedan,23913,37,0,0,768,8,0
26,Female,3,SUV,31607,17,2,0,658,9,1
41,Female,0,SUV,34968,31,4,1,668,1,1
52,Male,0,Sedan,10630,8,1,1,718,9,1
66,Female,2,Hatchback,21908,15,3,1,691,3,1
52,Female,14,SUV,20847,31,4,1,780,9,1
65,Male,13,Sedan,19171,30,3,1,644,1,1
53,Male,4,SUV,22721,20,1,1,747,1,1
35,Male,4,Hatchback,33067,39,2,0,623,9,1
66,Female,8,Sedan,26661,12,2,0,788,6,1
56,Female,9,SUV,26616,17,1,1,690,4,1
49,Female,13,Hatchback,19744,30,3,1,693,7,1
41,Male,11,SUV,15690,29,4,1,657,5,1
40,Male,1,Hatchback,23401,19,1,1,754,7,1
49,Female,1,Hatchback,17659,11,0,1,753,8,1
54,Female,5,Sedan,20601,34,3,0,727,8,1
29,Male,14,Hatchback,21704,7,2,0,606,1,1
66,Male,8,SUV,10025,34,1,1,769,8,1
30,Male,0,Hatchback,25384,20,2,0,646,6,1
40,Male,8,Hatchback,23705,38,3,1,652,4,1
42,Female,8,Sedan,33852,24,2,1,786,8,1
52,Male,12,Hatchback,32794,10,1,1,637,3,1
58,Female,8,Hatchback,18652,32,3,0,796,4,1
47,Female,4,SUV,30148,15,0,0,652,6,1
34,Female,12,Sedan,32983,37,1,1,742,7,1
66,Male,14,Sedan,23379,20,4,0,753,4,1
37,Male,8,Sedan,31486,3,1,0,647,4,1
65,Male,10,Hatchback,17006,37,3,1,694,7,1
42,Male,3,Sedan,29867,8,1,0,746,6,0
39,Female,1,Hatchback,28378,23,0,0,736,8,0
30,Male,12,Hatchback,18682,11,0,1,663,1,1
36,Male,5,SUV,11072,8,4,1,692,7,1
66,Female,13,SUV,33091,29,2,0,781,7,1
53,Male,3,SUV,10215,30,3,1,724,7,1
29,Female,5,SUV,33989,10,3,0,778,7,1
58,Female,2,SUV,19915,39,2,1,638,8,1
36,Female,5,Hatchback,19784,28,0,1,603,9,1
29,Female,1,Hatchback,28990,36,0,1,725,9,1
26,Female,1,Sedan,34734,13,1,1,602,2,1
24,Female,12,Hatchback,24824,32,4,0,663,7,1
45,Female,8,Hatchback,31165,36,4,1,628,7,1
31,Female,6,SUV,13313,37,4,1,715,4,1
48,Male,2,Hatchback,21033,26,1,1,610,9,1
69,Male,12,SUV,19968,22,4,0,696,8,1
36,Male,10,Sedan,26241,4,2,0,701,1,1
64,Male,0,Sedan,34147,31,1,1,785,2,1
33,Female,7,Hatchback,15939,18,2,1,754,2,1
22,Male,13,Sedan,24696,38,1,1,620,8,1
52,Female,5,Hatchback,24794,24,4,1,638,1,1
29,Male,6,Sedan,12295,23,2,1,701,4,1
42,Male,8,SUV,32069,22,2,1,645,5,1
69,Male,4,SUV,11696,2,2,0,665,9,1
38,Female,14,SUV,21185,31,1,1,690,7,1
53,Male,0,SUV,28330,11,3,1,763,8,1
40,Female,11,Hatchback,22001,28,4,1,710,9,1
33,Female,9,Sedan,24350,32,2,1,681,7,1
56,Male,6,Hatchback,29167,5,3,1,722,5,1
62,Male,14,SUV,13644,38,4,1,792,5,1
59,Male,4,Hatchback,31625,10,4,0,790,6,1
56,Female,2,Sedan,16420,24,2,0,698,5,1
31,Male,11,Hatchback,33941,35,2,0,634,9,1
48,Female,12,Sedan,21837,23,1,0,758,3,0
22,Female,8,Hatchback,29029,17,3,0,755,3,1
52,Male,0,Sedan,32973,1,3,0,702,7,1
40,Male,0,Sedan,16353,31,2,1,728,7,1
46,Female,0,SUV,20541,31,4,1,624,6,1
60,Female,2,Sedan,11932,34,2,1,642,3,1
28,Female,11,SUV,21486,9,4,1,683,7,1
35,Male,5,SUV,11757,22,4,1,794,5,1
64,Female,9,SUV,15085,13,2,1,790,7,1
29,Male,10,Hatchback,15637,25,0,0,650,2,1
26,Female,2,Hatchback,11116,18,3,1,729,6,1
27,Female,7,Hatchback,20759,12,4,0,725,8,1
61,Male,13,Hatchback,21691,17,4,0,791,1,1
34,Female,13,Sedan,10492,15,0,1,668,4,1
55,Male,9,Sedan,18811,15,1,1,608,1,1
24,Male,1,Hatchback,34272,15,0,1,601,1,1
63,Female,13,Sedan,16474,39,0,1,761,8,1
30,Male,8,Sedan,24385,13,4,1,787,7,1
57,Male,2,SUV,19738,17,3,1,788,1,1
59,Female,4,SUV,31342,32,0,1,758,2,1
26,Male,9,SUV,23979,9,1,0,609,4,1
67,Male,7,SUV,21755,20,2,1,713,1,1
44,Male,1,Sedan,19797,26,0,1,675,3,1
19,Female,5,Hatchback,24607,27,0,0,763,8,0
22,Male,11,Sedan,22867,21,1,1,684,8,1
46,Female,4,Sedan,29127,18,3,1,648,8,1
54,Female,12,Sedan,17866,13,0,0,669,6,1
55,Male,9,SUV,25449,16,0,1,776,6,1
36,Male,8,SUV,20685,9,3,1,730,5,1
25,Male,11,SUV,33544,12,1,1,732,9,1
65,Female,4,Hatchback,15451,38,0,1,788,4,1
62,Male,1,Sedan,31642,19,3,1,689,7,1
18,Male,4,Hatchback,18548,7,0,1,625,1,1
39,Male,14,SUV,17186,35,2,0,671,9,1
69,Male,11,Hatchback,16102,18,4,1,604,7,1
34,Male,3,Sedan,10619,16,2,1,614,9,1
24,Female,14,Sedan,10882,39,0,0,722,7,0
42,Female,10,SUV,13642,4,1,0,743,2,0
62,Male,6,SUV,11296,25,4,1,600,6,1
21,Male,5,Hatchback,24122,32,2,0,743,4,1
53,Male,13,SUV,34820,13,3,1,764,3,1
23,Male,1,SUV,12895,17,1,1,602,2,1
48,Female,11,Sedan,32977,37,2,0,779,6,1
36,Male,10,SUV,27313,6,3,1,646,8,1
61,Female,10,SUV,15366,19,0,1,694,6,1
56,Female,12,Sedan,18711,13,3,0,612,9,1
44,Male,4,Sedan,29596,26,2,0,719,5,1
27,Female,6,Hatchback,28793,14,2,0,654,2,1
43,Female,10,SUV,18199,31,0,0,748,8,0
36,Female,6,Sedan,20717,4,3,1,665,9,1
56,Female,14,Hatchback,13423,39,3,0,781,4,1
20,Male,4,Hatchback,20211,8,0,0,754,6,0
62,Male,11,SUV,22782,25,3,0,765,8,1
30,Female,14,SUV,33360,13,0,0,689,9,0
67,Male,8,Hatchback,33978,32,1,0,785,5,0
45,Male,3,Sedan,31542,38,2,1,661,6,1
37,Male,10,Hatchback,22474,38,1,0,701,4,0
45,Male,2,SUV,13667,28,4,1,773,5,1
25,Male,14,Sedan,32357,30,4,0,738,7,1
58,Female,3,Sedan,32620,3,4,0,799,9,1
56,Male,4,Hatchback,18277,28,0,0,607,6,1
18,Male,12,SUV,22424,3,3,0,696,6,1
20,Male,5,Hatchback,28852,34,1,0,716,8,0
30,Male,2,Hatchback,32601,16,1,0,798,4,0
45,Female,1,Hatchback,30003,22,1,0,663,3,1
66,Female,13,Sedan,28020,32,1,0,620,7,1
42,Female,12,Sedan,18155,38,4,1,799,5,1
50,Female,3,SUV,13583,8,1,0,714,2,0
55,Male,4,SUV,25515,8,3,1,790,2,1
23,Female,3,Hatchback,14009,6,4,0,684,6,1
61,Male,13,Hatchback,29710,14,1,1,791,8,1
62,Male,10,Hatchback,20410,32,0,0,619,1,1
49,Male,12,SUV,34532,35,2,0,607,6,1
62,Male,14,Sedan,28601,10,2,0,657,2,1
64,Male,11,Sedan,14967,3,2,1,645,2,1
38,Female,2,Hatchback,28753,12,4,1,630,7,1
33,Female,7,Hatchback,30022,31,1,1,692,1,1
38,Female,9,Hatchback,20695,29,4,1,608,6,1
28,Female,3,Hatchback,19135,5,3,0,614,7,1
54,Male,13,SUV,15722,25,0,0,693,8,0
53,Female,1,Sedan,25514,31,0,0,753,7,0
52,Male,1,Hatchback,21128,21,2,1,737,6,1
36,Female,0,SUV,14444,20,2,0,628,9,1
37,Male,12,Hatchback,17618,39,2,1,679,3,1
35,Male,3,Hatchback,30331,22,1,1,635,6,1
64,Female,9,Sedan,28060,4,3,1,683,4,1
58,Male,8,Hatchback,11196,13,3,1,708,2,1
66,Male,13,Sedan,22297,20,3,1,717,1,1
31,Female,10,Sedan,12787,13,3,0,636,1,1
32,Male,6,Sedan,33816,17,2,1,685,3,1
48,Female,14,SUV,17927,36,0,1,670,4,1
18,Female,11,SUV,29702,33,2,0,750,2,1
20,Female,9,Sedan,33073,1,3,1,768,1,1
33,Male,6,Hatchback,12176,15,2,1,692,4,1
40,Male,12,Sedan,30127,13,3,0,679,7,1
28,Male,14,Hatchback,18792,17,4,0,701,6,1
29,Female,6,Sedan,30806,24,0,0,755,6,0
27,Male,14,Hatchback,30208,8,4,1,775,9,1
49,Female,7,SUV,19171,27,1,0,765,2,0
33,Female,0,Hatchback,12451,23,2,0,758,4,1
25,Male,9,Sedan,10628,8,1,0,613,5,1
55,Female,12,SUV,19821,8,2,1,716,1,1
29,Male,9,Hatchback,17778,26,4,0,672,8,1
41,Male,7,Hatchback,13696,13,3,1,690,8,1
45,Male,3,Hatchback,30058,39,3,1,689,6,1
25,Male,3,Hatchback,30313,37,2,0,628,5,1
45,Male,3,Hatchback,29149,28,3,1,778,8,1
53,Female,5,SUV,30753,25,4,1,648,3,1
43,Female,6,SUV,22972,16,3,0,770,3,1
25,Female,5,SUV,18307,2,4,1,671,2,1
67,Male,0,SUV,14956,18,1,0,732,5,0
45,Male,11,Sedan,20195,17,4,1,641,3,1
45,Male,7,SUV,27076,30,0,1,734,3,1
54,Female,12,Hatchback,29546,39,0,0,641,6,1
58,Male,9,Hatchback,11105,13,0,0,763,8,0
53,Female,14,SUV,29392,32,2,1,704,2,1
44,Female,10,Hatchback,28545,29,2,1,626,4,1
34,Male,12,SUV,25417,30,2,0,657,7,1
26,Male,6,Hatchback,34729,18,4,1,645,1,1
50,Female,5,Sedan,24188,13,2,1,665,1,1
37,Male,5,Sedan,30083,21,1,1,624,7,1
30,Female,4,SUV,22602,30,0,1,672,7,1
45,Male,5,SUV,30170,21,4,0,716,1,1
65,Male,11,SUV,19256,17,0,0,754,1,0
46,Female,8,Hatchback,30584,19,2,0,728,4,1
30,Male,9,SUV,24212,15,4,0,686,5,1
63,Female,8,Sedan,11913,9,3,0,673,5,1
52,Male,14,Hatchback,31904,10,1,0,769,4,0
23,Female,9,SUV,20593,31,2,1,779,8,1
35,Female,7,Hatchback,11772,23,2,0,752,7,1
68,Male,9,Hatchback,29164,30,1,1,781,9,1
22,Female,8,SUV,22996,33,1,1,724,7,1
64,Male,12,Hatchback,33807,9,3,1,666,1,1
42,Male,9,Sedan,12871,1,2,0,605,7,1
19,Male,7,Sedan,23234,35,2,1,724,1,1
27,Female,7,Hatchback,27044,11,0,0,657,7,1
47,Female,0,SUV,32626,34,4,1,669,8,1
67,Male,9,Hatchback,20521,16,4,1,652,9,1
62,Male,10,Sedan,20642,9,0,0,665,3,1
22,Female,4,Hatchback,11132,32,4,1,657,4,1
50,Male,3,Hatchback,10699,15,1,1,681,4,1
18,Male,1,Sedan,24534,12,4,1,686,9,1
35,Female,7,Hatchback,33854,33,4,1,601,7,1
49,Male,2,Hatchback,20230,14,0,0,749,3,0
64,Female,3,SUV,16297,8,3,1,636,5,1
66,Male,11,SUV,22839,8,4,1,747,7,1
28,Female,6,Sedan,17812,27,4,0,702,8,1
38,Male,9,Sedan,14557,12,3,1,623,1,1
43,Male,8,Sedan,12179,1,0,1,711,2,1
42,Female,1,SUV,21030,11,3,1,664,7,1
39,Male,2,Sedan,19065,39,0,1,792,2,1
44,Female,3,Sedan,18275,31,1,0,728,7,0
66,Male,9,Sedan,27806,17,0,1,716,9,1
30,Female,0,SUV,25089,33,1,0,715,2,0
50,Female,6,Hatchback,13180,32,1,1,704,7,1
51,Female,1,Sedan,30700,29,0,1,602,4,1
58,Female,4,Hatchback,16696,21,2,1,645,2,1
52,Male,14,Sedan,19583,21,0,0,654,7,1
18,Male,0,Hatchback,26998,23,4,1,674,5,1
38,Female,2,SUV,23869,6,4,1,791,1,1
65,Female,11,SUV,21757,22,2,0,644,5,1
23,Female,1,Sedan,30954,38,1,0,753,3,0
45,Male,0,Hatchback,26654,37,2,0,676,7,1
34,Male,6,SUV,22258,8,4,0,792,6,1
22,Male,4,Sedan,12468,35,2,1,623,8,1
48,Male,0,Sedan,24208,11,0,1,634,5,1
22,Female,5,SUV,25042,24,2,1,623,2,1
55,Female,4,SUV,25639,21,1,1,627,9,1
20,Female,14,Sedan,21546,2,0,0,615,8,1
40,Male,2,Hatchback,22327,19,3,1,658,6,1
54,Male,11,Hatchback,24270,39,4,1,781,7,1
54,Male,6,Hatchback,25523,28,4,1,743,9,1
27,Female,10,Sedan,24300,17,2,1,614,7,1
27,Female,9,SUV,29991,6,0,0,610,3,1
36,Male,8,Sedan,20775,19,3,1,792,6,1
34,Female,13,SUV,22265,38,0,1,678,7,1
38,Male,12,Hatchback,29459,28,4,1,714,2,1
31,Male,12,Hatchback,26673,2,0,0,667,3,1
26,Female,8,SUV,34504,38,3,0,642,4,1
63,Male,13,SUV,16614,37,2,1,668,6,1
18,Female,8,Sedan,13252,4,1,1,740,1,1
68,Male,1,Hatchback,17415,22,0,1,737,9,1
62,Female,2,Sedan,33155,26,1,0,674,5,1
30,Female,6,Sedan,26662,36,4,1,702,7,1
21,Female,4,Sedan,21116,13,2,1,640,9,1
18,Male,1,Hatchback,26964,32,2,1,777,9,1
66,Male,2,Sedan,14958,17,0,0,798,1,0
57,Female,9,Sedan,34829,36,2,1,658,1,1
49,Female,5,Sedan,14276,19,0,1,638,3,1
51,Male,12,Sedan,34381,35,0,0,602,6,1
45,Male,6,Sedan,14776,28,1,0,606,2,1
48,Male,8,Sedan,27208,1,2,1,648,1,1
25,Female,0,Hatchback,13832,18,0,0,625,1,1
56,Male,10,Sedan,24901,33,1,1,760,5,1
43,Male,6,SUV,15445,12,3,0,700,4,1
51,Female,7,Sedan,11380,8,1,0,775,1,0
20,Male,11,Sedan,19865,24,1,1,678,4,1
67,Male,13,Hatchback,32918,16,0,1,601,3,1
29,Male,2,Hatchback,23926,4,4,1,726,2,1
18,Female,3,SUV,29540,38,4,0,798,9,1
61,Female,9,SUV,21580,27,4,1,759,1,1
22,Female,5,Hatchback,30691,9,1,1,731,7,1
47,Female,9,Hatchback,15634,16,0,1,619,4,1
47,Female,6,Sedan,34959,12,2,1,716,5,1
34,Female,12,Hatchback,15810,31,1,1,763,5,1
65,Female,13,SUV,34917,24,1,0,631,1,1
64,Male,3,Sedan,32318,14,0,1,627,6,1
40,Male,7,SUV,20179,25,3,1,676,9,1
32,Female,4,Sedan,22251,34,1,0,600,2,1
54,Male,0,Hatchback,23131,3,3,1,787,7,1
38,Male,3,SUV,29493,24,3,1,655,6,1
31,Female,2,Sedan,30466,9,4,1,634,5,1
19,Male,8,Sedan,22707,26,0,1,711,4,1
28,Male,7,Hatchback,29624,20,3,1,629,4,1
68,Male,0,Hatchback,32412,10,0,0,653,6,1
56,Male,10,Hatchback,28233,19,4,0,635,4,1
55,Male,5,SUV,34881,3,0,0,782,5,0
51,Female,8,Sedan,12749,24,1,1,679,6,1
55,Female,6,Hatchback,23156,5,3,0,657,5,1
67,Female,3,SUV,33064,3,0,1,682,7,1
51,Male,12,SUV,26589,27,2,1,664,9,1
35,Female,0,SUV,33736,16,0,1,668,7,1
47,Male,11,Hatchback,30975,15,3,0,727,7,1
32,Male,1,Hatchback,13450,35,4,0,650,4,1
44,Male,11,Sedan,17214,12,4,0,621,1,1
68,Male,4,Sedan,30195,26,3,1,706,8,1
51,Female,11,Hatchback,21814,34,1,0,708,4,0
69,Female,10,SUV,15141,23,1,1,715,1,1
55,Male,4,SUV,34885,31,4,0,700,5,1
50,Female,7,SUV,12708,20,4,0,780,8,1
41,Male,5,Sedan,28375,12,3,1,699,4,1
32,Female,7,SUV,25088,23,1,1,763,8,1
47,Female,1,Sedan,34847,4,4,0,667,8,1
59,Male,2,Sedan,21834,23,1,0,635,3,1
68,Female,5,SUV,22278,1,4,0,779,9,1
34,Male,11,SUV,20014,25,0,1,780,3,1
22,Female,12,Hatchback,13273,2,2,1,777,1,1
46,Male,9,Hatchback,24367,30,0,0,768,2,0
21,Male,2,SUV,14538,3,4,0,745,6,1
27,Female,5,Sedan,22541,21,2,1,621,2,1
34,Female,5,Sedan,18712,25,2,0,665,6,1
27,Male,1,Sedan,19168,20,4,1,620,1,1
34,Female,6,Sedan,30106,22,4,1,699,1,1
37,Female,11,Sedan,13551,21,1,1,727,5,1
41,Male,1,Hatchback,22297,33,4,1,643,9,1
22,Male,5,SUV,20965,38,3,1,702,8,1
51,Female,0,Hatchback,12832,15,4,1,646,3,1
23,Male,2,Sedan,32063,15,3,0,638,3,1
19,Male,1,Sedan,32963,25,4,1,628,1,1
30,Male,6,Sedan,23422,21,1,1,653,3,1
60,Female,13,Sedan,10152,24,3,0,689,1,1
60,Female,3,SUV,32138,5,0,1,684,8,1
65,Male,7,Sedan,21156,6,3,0,616,1,1
28,Female,5,SUV,21108,23,1,1,679,5,1
68,Male,11,Sedan,12800,4,3,0,787,9,1
64,Female,9,SUV,15310,27,4,0,758,7,1
40,Male,3,Hatchback,19944,18,4,1,672,4,1
33,Male,4,Sedan,12610,21,1,1,648,9,1
48,Female,12,SUV,22067,28,2,1,700,9,1
28,Male,12,Hatchback,11104,35,4,1,601,2,1
33,Female,14,Sedan,20728,22,0,0,775,6,0
25,Female,14,Sedan,33745,23,1,0,741,4,0
21,Male,8,Sedan,30583,3,3,0,658,8,1
57,Male,6,SUV,30238,10,3,1,696,7,1
21,Female,9,SUV,17263,25,0,0,698,7,0
42,Male,13,Hatchback,11914,8,4,1,785,9,1
20,Male,13,SUV,33749,11,1,1,702,5,1
49,Male,8,SUV,29456,5,0,0,785,6,0
20,Male,6,Sedan,10406,37,4,1,778,1,1
44,Male,11,Sedan,23689,38,1,0,601,6,1
46,Female,0,Sedan,10166,29,3,1,640,2,1
49,Female,11,Sedan,10508,5,1,0,722,6,0
67,Male,7,Sedan,28045,9,2,1,681,9,1
68,Male,3,Sedan,13664,2,1,0,743,8,0
36,Male,2,Sedan,29873,1,2,0,731,9,1
38,Female,13,Hatchback,23050,30,1,1,739,8,1
22,Male,12,Hatchback,10680,11,2,1,628,3,1
35,Female,6,Hatchback,28908,28,3,0,734,8,1
45,Female,11,Hatchback,28504,12,4,1,613,6,1
59,Female,2,Sedan,31644,39,2,1,611,6,1
39,Male,7,Hatchback,14357,26,2,1,698,6,1
38,Female,5,Sedan,11363,13,3,0,732,3,1
23,Male,4,Hatchback,19523,8,2,0,680,1,1
18,Female,3,SUV,12292,28,0,1,705,4,1
22,Male,7,Hatchback,11538,30,3,1,631,6,1
58,Female,7,Hatchback,13408,9,0,0,673,2,1
29,Male,11,Sedan,34126,39,3,1,770,7,1
43,Female,0,Hatchback,18752,31,2,0,680,7,1
63,Male,8,SUV,28287,21,0,1,668,4,1
51,Male,13,Sedan,10174,34,2,1,644,4,1
66,Male,4,Sedan,12230,31,3,1,705,1,1
31,Male,3,Hatchback,14287,25,2,0,736,2,1
43,Female,5,Sedan,30544,12,0,0,776,9,0
62,Female,5,Sedan,22112,1,0,0,760,8,0
44,Male,1,Sedan,17106,22,2,0,699,8,1
26,Female,7,Sedan,19689,37,1,1,745,9,1
43,Male,6,Sedan,22046,1,3,1,608,7,1
64,Male,0,Sedan,29555,1,3,0,661,9,1
39,Female,4,SUV,27951,21,2,1,784,2,1
64,Male,11,Hatchback,11151,15,1,1,628,6,1
47,Male,5,SUV,17619,17,0,0,724,3,0
60,Female,3,Sedan,16033,22,4,1,713,6,1
65,Male,1,Sedan,18560,38,4,1,752,3,1
34,Male,12,Hatchback,14946,35,2,0,742,8,1
43,Male,13,SUV,34618,16,1,1,733,4,1
53,Male,3,Hatchback,11907,8,1,1,719,6,1
18,Female,0,SUV,13490,17,3,1,769,9,1
25,Female,6,Sedan,28919,17,0,0,756,2,0
66,Female,1,Hatchback,14173,26,1,0,678,2,1
52,Male,12,Hatchback,21065,13,4,1,692,7,1
69,Male,1,Sedan,27677,17,0,1,603,2,1
32,Female,8,Hatchback,14769,38,0,1,681,2,1
64,Male,4,SUV,14796,17,2,0,784,4,1
39,Male,1,SUV,23046,14,1,0,776,9,0
31,Male,10,SUV,24211,6,2,0,771,8,1
43,Male,8,SUV,33255,35,1,1,674,2,1
45,Female,8,Sedan,29356,14,3,1,613,8,1
40,Female,0,Hatchback,30306,8,2,1,730,4,1
31,Female,10,SUV,14997,15,2,1,713,2,1
41,Male,2,Sedan,33416,27,4,1,661,7,1
19,Female,3,Hatchback,27376,13,2,0,705,6,1
62,Female,13,Hatchback,18112,31,1,1,663,5,1
43,Male,6,Sedan,15287,35,4,1,701,1,1
31,Male,9,Sedan,20578,6,2,1,772,2,1
68,Female,3,SUV,28624,5,2,0,705,8,1
24,Female,1,Hatchback,27860,22,3,1,785,1,1
20,Female,6,Hatchback,16426,23,2,0,619,3,1
64,Female,5,Sedan,21599,25,0,0,657,2,1
40,Male,2,Hatchback,10389,34,4,0,711,5,1
63,Female,5,SUV,10999,26,0,0,656,4,1
60,Female,10,Hatchback,22812,5,4,0,795,7,1
64,Male,14,Sedan,25599,26,3,1,718,5,1
62,Female,5,Sedan,11855,20,2,1,696,8,1
35,Male,11,SUV,18125,6,2,0,691,4,1
55,Male,4,SUV,23794,6,2,0,651,6,1
